filename,width,height,class,xmin,ymin,xmax,ymax
006f49cf-a254-4ba1-b073-7ffb81374bf5___Data_p089bk1-this-product-is-sold-as-free-size-by-the-brand-fastrack-original-imaex8jggbyhebhy.jpeg,312,153,sunglasses,1,312,1,151
00718b6e-1adb-44c6-ad24-cfeb78ddb2c6___Data_m-800200-010-nike-original-imaffzqbhpxhycnb.jpeg,168,312,Jackets,10,168,74,253
00a3b9cb-5fda-4fd3-bdc8-f6d044cec8b8___Data_32-argt0804lt-grey-arrow-sport-original-imaf276wnwzzfqtr.jpeg,177,312,Trousers,39,160,7,286
015f6b36-e754-4b3b-8b29-3d8202937281___Data_5xl-5502-khaki-trufit-original-imaeck6sybzgaymd.jpeg,208,312,Jackets,26,178,66,274
02a5ba93-0871-41d4-bf08-a682140e2205___Data_l-tandul-9374-tandul-original-imaf4fajntz9uhzh.jpeg,234,312,Tops,36,214,89,280
0314a7e2-e4bc-4698-9b10-0a823b1d0a97___Data_w16-jkslvldr-m-pln-mabl-campus-sutra-l-original-imaez3fq2pugxh8x.jpeg,168,312,Jackets,3,168,84,289
03e9700a-f655-45ad-818e-e6c29cabf8f2___Data_41U2jN3MQSL._AC_UL650_SR500650_QL65_.jpg.jpeg,500,650,Jeans,123,352,20,572
04388f30-9b36-4076-a8f3-8428084852ca___Data_small-p357bk1-fastrack-original-imaey4ubgfzxzj6f.jpeg,312,153,sunglasses,3,311,8,138
052de5dd-74fb-4d6c-939c-18c7d0f7979b___Data_91AEU-mf4KL._SY220_.jpg.jpeg,169,220,Shirts,36,150,49,178
053a8eb2-1a49-4498-8662-1a2bec1f0c2b___Data_vv1140pnk1195chcolt-vvoguish-xl-original-imaeg47s2dsvyayh.jpeg,135,312,Tops,6,133,69,247
056f5514-72ff-4f78-ad0d-f4d678584a99___Data_32-hljn000549-black-highlander-original-imaf5g63qhhauhnh.jpeg,193,312,Trousers,69,178,2,268
05ed4ad4-b60a-40aa-8290-11db0ae29e5f___Data_s-10681062-buynewtrend-original-imaequmkckwdyykv.jpeg,133,312,Jackets,2,133,69,271
0641d916-d45c-426c-97de-e7475e34330b___Data_fbf-sx0078l-7-sparx-grey-flourscent-green-original-imaedz4faavcxqg6.jpeg,312,211,Shoes,4,312,3,208
06823417-3aae-49a3-bb6e-fceaf4b8be0d___Data_m-fa-903-c21-farenheit-original-imaf5ypj6kzpe2ve.jpeg,312,137,sunglasses,5,312,5,133
06acf6ad-d66e-4d8f-b7cb-a1133b80d772___Data_41n9X9V-huL._SX170_.jpg.jpeg,170,196,Tshirts,26,144,10,177
06d2aa69-5372-4b0b-a555-2efadba9b17a___Data_free-size-ms17sg034-metronaut-original-imaexw44xahskhhy.jpeg,231,312,sunglasses,4,230,139,265
06e367b8-87e4-48ee-831a-e90bc5088fc6___Data_40-zcmwshs170016bright-white-john-players-original-imaf453chbr7zxxv.jpeg,175,312,Shirts,10,174,72,273
07b97e3b-3fdb-4961-b298-847a9252b8dc___Data_m-mahadev-black-elepants-original-imaf4vyefwucuxvb.jpeg,153,312,Tshirts,6,153,73,261
081901e9-fd5e-465d-a6f3-df86de4d6779___Data_ginger-03cblkpnk-amy91cblue-8-asian-multicolor-original-imaeugpurpvjhhh8.jpeg,312,210,Shoes,0,261,15,190
086eb430-6d1e-4fb4-b6b9-903d6dfd1cef___Data_38-jog-iceblue-urbano-fashion-original-imaf5bzbhcgbqfub.jpeg,157,312,Trousers,16,133,18,275
0921d276-3d21-4428-86f1-e9228de18f24___Data_flame-charcoal-14698-crocs-6-original-imaegumgr799zn7r.jpeg,312,260,Shoes,9,312,10,253
094a5211-3798-4170-a27a-e597580aca54___Data_55-0rb4286601-7155-ray-ban-original-imaey4q3gwcdzvwj.jpeg,312,197,sunglasses,6,311,7,167
0964f403-e2ff-4f96-9e09-72498b949a25___Data_sun-g0001-younky-free-size-original-imaejay59nqehzzz.jpeg,312,196,sunglasses,0,276,0,155
0974de34-9c2d-4341-ba10-c2fea8fb415b___Data_32-vddn517d009290pink-v-dot-by-van-heusen-original-imafy2jk4te48bgk.jpeg,174,312,Jeans,28,154,5,281
0a0fd53f-8be6-4da8-9e76-497708f705c3___Data_free-ls36-white-camey-original-imaexjhzzzzmn5ap.jpeg,145,312,Skirts,7,127,36,154
0aa43e17-4e08-4d60-962e-f0a9d2f9eaf0___Data_m-1971-buynewtrend-original-imaf4yf2r5vztg3t.jpeg,175,312,Tops,2,170,64,274
0b13e0e2-9b6e-4a50-9d93-c8334654c759___Data_1-1-gr2667maroon-harpa-l-original-imae89c2bqfbp5yt.jpeg,130,312,Tops,6,130,81,242
0b979e6c-f629-44b6-a28d-ce46bce624a3___Data_m-b45728conavy-adidas-original-imaf3qhcwqwwza8z.jpeg,181,312,Jackets,10,181,49,267
0bbc18a2-0bb1-4bc4-8472-88a41cd9680a___Data_sx0108l-3-sparx-greyflourscentorange-original-imaffqfaprjwgwge.jpeg,312,203,Shoes,4,312,4,193
0cd41221-d6f1-4be3-aa81-58bb085895ce___Data_28-hps-lgrey-urbano-fashion-original-imaf5bzbhcfqmgtx.jpeg,138,312,Jeans,9,129,17,272
0d0e3b0b-3bbf-443a-aef3-10bf7ee08c0d___Data_x20silklusterwht-x20-jeans-32-original-imaeprcggw7ms5hj.jpeg,185,312,Jeans,15,146,5,284
0d2800f3-2f8a-463a-8457-3c907f3e3d02___Data_skt221-decot-paradise-free-original-imaecb8yby7sf3hp.jpeg,198,312,Skirts,19,197,3,301
0ed0fc9c-c942-4761-a560-3d31c7962a81___Data_36-aaaboptk000brown-golden-triangle-original-imaem5sbdfhgzhcd.jpeg,175,312,Jackets,3,173,79,279
10665e44-8ac6-46d3-8b98-a5b0a1e902f6___Data_s-el-wst154-s8-squirrel-grey-2go-original-imaf48jvdmjy28dg.jpeg,129,312,Skirts,20,129,13,130
10825b4f-8c1c-4ce6-9b69-64d4c2b9bd67___Data_71CrOKcHf-L._SY220_.jpg.jpeg,165,220,Tshirts,37,131,48,195
11ea5cd8-af2b-466a-948d-92193b430df1___Data_m-cw4651black-adidas-original-imaf3qhkjf9g8fwk.jpeg,196,312,Tshirts,19,196,76,281
146704fd-6cae-4d88-9f46-d3ea4944401d___Data_black-boots-c525-37-claggy-black-original-imaecce8h8zhnguy.jpeg,312,310,Shoes,8,312,4,309
14a03a6c-1cc8-43e6-859c-24422ffeb844___Data_free-size-002-aoking-original-imaew25ghwfzhnuf.jpeg,312,150,sunglasses,2,312,5,147
15db8950-d41e-4c96-9dcb-c56921827806___Data_m-darzi-5609-darzi-original-imaf3s7hnp3mmbgy.jpeg,168,312,Tops,29,168,71,247
15f407da-df96-4a27-80b3-34e9978f5a1c___Data_30-18298-0338blue-levi-s-original-imaexxbywa4mzwqw.jpeg,234,312,Jeans,36,135,28,271
16b1aaf9-00d0-4bb9-b15f-faf0c6b60860___Data_412BOXHOX4ML._AC_UL260_SR200260_.jpg.jpeg,200,260,Jeans,45,142,9,230
17ed699e-0e79-41f2-a218-9fef7c0e719f___Data_2.jpeg,155,312,Tshirts,5,153,69,278
17f73bb5-e929-4c3d-a1f3-4e35b3546ffc___Data_p089gr3-fastrack-free-size-original-imae5yz8fygfab29.jpeg,312,202,sunglasses,2,310,9,181
193ab522-6c7d-4c63-85a3-1191f0bfc04e___Data_3.jpeg,154,312,Tshirts,3,153,61,286
1994b651-0869-4ce4-821f-37ada3f2706e___Data_ls-2220-43-london-steps-black-original-imaepm2d2vwenvnu.jpeg,312,288,Shoes,8,312,6,276
1a3ed9a7-9c9e-46b8-8005-983221fa15a9___Data_81iqe2BD0qSL._SY220_.jpg.jpeg,169,220,Trousers,45,129,6,192
1aa68372-8876-4b94-aa79-500a674a75f8___Data_41xnnO2EbOL._AC_UL260_SR200260_.jpg.jpeg,200,260,Jeans,56,141,6,220
1b2f3073-9ee9-43bc-9775-c695146aed28___Data_s-as18s002-white-provogue-original-imaf5bd4sbm4hfya.jpeg,245,312,Tops,103,233,61,228
1b506faf-40b7-44d9-9689-06544a358b4b___Data_free-size-ms17sg036-metronaut-original-imaexw44kumgrgb3.jpeg,275,312,sunglasses,12,273,117,283
1c58335e-2a4a-4c8a-a8c2-ac164fbcafcb___Data_81FCyX2BCsiL._SY220_.jpg.jpeg,169,220,Shirts,21,151,48,180
1ca85ee3-bfff-4fce-bec8-32582530a4b5___Data_s-ind-pb9364-s-ishin-original-imaezts3qfrcgysx.jpeg,176,312,Tops,46,131,40,145
1ccb7481-8550-4df2-96e8-510395cc81d4___Data_m-gsfshd1289ind-6-gritstones-original-imaerg2zzavqdhbd.jpeg,148,312,Jackets,2,148,3,256
1ccc6718-00ee-49e9-b788-17e4e4d99d1f___Data_512-1064-women-39-zappy-beige-original-imaf3h7zxajm9zvh.jpeg,312,218,Shoes,8,311,2,218
1e55f87c-8c26-4756-9b97-2ce424960d8a___Data_pn1-white-fsm-40-fashimo-white-original-imaffeuk4ztcyfaz.jpeg,262,312,Shoes,1,260,1,309
1e9b5ebf-b56a-4c30-8914-dd7f54eb1d38___Data_7.jpeg,245,312,Tshirts,8,140,74,273
1f2a592c-4f72-409a-99ef-4e2297bff52b___Data_s-tbl-shirt-tripr-original-imafyjfy6fhyfffu.jpeg,186,312,Shirts,6,185,69,299
1f3758cd-5898-422e-8681-811ccaca2cec___Data_rww5f11013c-bongio-m-original-imaenjm8ra3dmf96.jpeg,169,312,Jackets,10,169,71,252
1f58cbec-4f67-4399-abdc-48e212b15a05___Data_sss16mel-rnqs-w-pln-ma-campus-sutra-m-original-imaentfcdxhsard9.jpeg,143,312,Tops,11,142,69,237
1fa6a9bc-4023-4a1f-b7c8-bae01a7914d2___Data_s-ss18-rnhhspr-pln-buwh-genius18-original-imaf49fzgvvyxfrc.jpeg,154,312,Tshirts,3,152,70,268
1ff7ab3b-29e6-4674-8626-4a56c58f8d73___Data_free-sk-5209-jwf-original-imaf5dzzyvz5fhhu.jpeg,183,312,Skirts,3,181,13,295
21fd0187-f51c-423a-8964-a5c80ac9f5b4___Data_l-lrow517r01491blue-lp-jeans-by-louis-philippe-original-imaf5frhey5zrnhc.jpeg,186,312,Shirts,11,185,69,272
222aaee0-4438-4a48-a2fd-d591a76b5dca___Data_m-ejk51600028darkyellowwithkhakis-peter-england-original-imaexxhpdtbrsgtx.jpeg,217,312,Jackets,10,217,70,283
22c29b4b-c0ae-4234-acd8-c2ef929b1d93___Data_m-vhjk516m01181black-van-heusen-original-imaezvvcgmyjzzmg.jpeg,167,312,Jackets,17,165,68,260
23ac291b-b889-4dd3-b328-1140e6777074___Data_as-1005-51-blcl838-60-aislin-original-imaez8ffk8tkmqzp.jpeg,312,134,sunglasses,83,311,9,132
2499b992-b383-4549-80c2-bf7f71008d02___Data_41Fzt5uKUhL._AC_SS200_.jpg.jpeg,200,200,Tshirts,48,146,51,199
24a0b261-7f2d-4e46-a3c5-62088aa70326___Data_grey-cute-asian-40-original-imae7jdsu92ejxdq.jpeg,312,302,Shoes,10,310,10,287
254b8885-e955-4239-b6d1-d8aba29b18bc___Data_ct03161190-rigo-s-original-imaehms9ghxbxcxd.jpeg,208,312,Tshirts,23,188,78,275
2669873d-f597-45e8-a3a8-c0046a72beda___Data_m062bk1-fastrack-free-size-original-imadr759w5guxfvf.jpeg,312,216,sunglasses,3,312,5,177
269798f4-60de-4538-8e56-eaac383ceb83___Data_s-kttdenimjacket81-kotty-original-imaf3hgpatp5muy3.jpeg,218,312,Jackets,3,214,89,286
26e1de50-92b8-41f3-be89-5d410a2c5f96___Data_xxl-6523-pink-trufit-original-imaesgnezey4gx6q.jpeg,200,312,Jackets,5,199,61,297
27a08112-275f-40ac-8698-ac8e313f9492___Data_6.jpeg,192,312,Tshirts,9,148,77,282
2840c512-003b-4f07-b572-362a4c7c1f0e___Data_303-navyblue-mesh-40-original-imaezb5xp7gswg98.jpeg,166,312,Shirts,4,165,67,265
29119f00-4848-40c8-ba47-5bb7680d8e0f___Data_s-00058210-black-red-blue-forever-21-original-imaexx5mgrcqghz8.jpeg,141,312,Skirts,30,132,8,128
2954a7b5-1559-48f9-8162-8bdefc4dac87___Data_38-ss-01ag-01-spykar-original-imaery7efphf74qt.jpeg,165,312,Jeans,23,143,18,277
299b450d-367c-4141-befd-15f7f4b54a46___Data_skt422-decot-paradise-free-original-imaedf7hg2wgzhsn.jpeg,158,312,Skirts,18,156,135,297
2a0254ed-9711-4b46-aa36-921a66039518___Data_51I2B7I6I2BtL._AC_SS200_.jpg.jpeg,200,200,Tshirts,32,172,5,190
2b26172c-c4c3-402e-a4da-23a668d27679___Data_s-l2015814hd12orange-lee-original-imaetckgycby7zn4.jpeg,185,312,Tops,3,166,75,247
2b27bd4f-05b2-4225-a9dc-a9356d2508d3___Data_free-ls-32-short-pink-camey-original-imaewpmgg9hrtjff.jpeg,150,312,Skirts,38,149,25,198
2b3908bc-78cf-4d23-abe9-0bd0060785d0___Data_free-size-g202ctfl9c-titan-original-imaexwzh77rewqyk.jpeg,312,259,sunglasses,2,312,4,180
2c61a684-2413-4455-ba12-303c3e8615f1___Data_41NiNz3TqhL._AC_UL260_SR200260_.jpg.jpeg,200,260,Jeans,56,145,0,223
2c710c82-a4d7-4873-8533-6e6e9fa0cacd___Data_one-size-fits-all-p357br6p-fastrack-original-imaey5twmntthzcy.jpeg,312,155,sunglasses,5,307,8,154
2dc1ddec-216f-46b7-b84c-8933ac5ee203___Data_m-irz-01311-irayz-original-imaf28npybnrwrar.jpeg,312,147,sunglasses,5,312,5,140
2e3d3d56-49ef-4252-9185-7df3fc97cdd3___Data_m-hlsh009210-navy-blue-beige-highlander-original-imaevt88hy4y4q4y.jpeg,160,312,Shirts,6,160,79,278
2ee44c48-fe9e-4b2d-bb77-4097c9ff631a___Data_32-hljn000673-indigo-highlander-original-imaf4vupzqfzxzcw.jpeg,172,312,Jeans,16,146,10,279
2efa6782-abd9-4278-bfea-dfc2c6a31385___Data_l-el-wst1341-a7scarlet-red-2go-original-imaexqhchfrktjht.jpeg,213,312,Skirts,23,133,50,145
2f0e611f-bdb8-4cff-a9fa-4db2911576a8___Data_vv60201rblu1135blkrd-vvoguish-l-original-imaeghbedhhfddrb.jpeg,138,312,Tops,7,137,73,241
2f40f9e2-6ca2-414e-bd50-de629de5d827___Data_m-tgyblvneckd03-tripr-original-imaeszychttevey6.jpeg,155,312,Tshirts,2,155,75,274
2fd559c0-9fe5-4f4e-8acf-2c37270b09a7___Data_5015162mctn1421nvy-uber-urban-40-original-imae3jgkfyesmpvc.jpeg,155,312,Trousers,5,136,16,290
30180da9-2eea-4c41-bb9c-24c0c0b9ed03___Data_xl-light-chinease-full-shirt-trendyfrog-original-imaeusajtyeqpwsh.jpeg,173,312,Tops,2,173,71,269
319056b8-8df7-4cb4-b101-3d28cdd023dc___Data_41I4PGqnkRL._AC_UL260_SR200260_.jpg.jpeg,200,260,Jeans,49,155,2,227
32540394-4aa9-4d4c-b93e-a3f1ef820cae___Data_41y8WJpHigL._SX170_.jpg.jpeg,170,199,Trousers,48,120,3,181
32839683-b02a-4833-9657-e92b92add595___Data_m-302blackdenimjkt-40m-ico-blue-star-original-imaf4e4qwzrqykyz.jpeg,186,312,Shirts,1,185,67,268
328af3de-7590-44ca-a694-0bf96864dc6c___Data_190431-6-puma-nrgy-peach-blue-depths-puma-white-original-imaf4mwcarhhnyef.jpeg,312,187,Shoes,7,310,5,167
330d0516-d915-40f5-a549-62f8303c6150___Data_32-zcmwjna160039indigo-john-players-original-imaewn7guacjxdcg.jpeg,174,312,Jeans,42,173,22,283
34a0eff4-c9e5-48bd-a80e-4e4dc197bdd7___Data_one-size-fits-all-panto-new-black-clear775gub-azmani-original-imaevh2wmjynbexy.jpeg,312,142,sunglasses,5,312,2,140
34ee6c87-a390-41be-b64c-b446f11dfeb4___Data_32-hltr003959china-blue-highlander-original-imaf54zcmjfqtqhg.jpeg,155,312,Trousers,41,141,11,276
34f24bff-811a-4bbd-a6e3-00d13ba43a1c___Data_ea-a-g03-medium-risist-original-imaeyyutrgggkjyq.jpeg,312,232,sunglasses,18,312,76,226
353a9741-ecf8-4f73-990f-6864b54c078e___Data_s-cy2275white-radred-adidas-originals-original-imaf4dfsqwtwnazg.jpeg,220,312,Tshirts,57,216,65,301
3601680b-96d7-4e1a-b847-0f0f74f9ae8a___Data_41spJmqgfSL._AC_UL260_SR200260_.jpg.jpeg,200,260,Jeans,52,150,2,214
363f40bc-88b2-496d-84c7-64589fea40bd___Data_91MvqG5TvnL._SY220_.jpg.jpeg,169,220,Shirts,32,144,44,182
3676742b-3575-46a5-9bed-1c1309dec599___Data_free-size-p355bk2-fastrack-original-imaeyygnkagja8dp.jpeg,312,227,sunglasses,4,312,0,170
36bba024-c1e8-40b6-8cb3-ea1ec072bd6e___Data_cn3543-6-5-reebok-blue-original-imaf52fqrzhz2q7b.jpeg,312,200,Shoes,4,311,6,187
38503740-2227-4200-a082-0e335e4bd7ba___Data_m-cb-top-204-black-red-srw-original-imaf2nfrf4dcyjgs.jpeg,174,312,Tops,7,173,75,269
38de310c-a13b-46c4-bdca-b655e9a402d2___Data_l001-39-jk-port-black-original-imaffjz2fy3hskgz.jpeg,312,213,Shoes,73,290,6,213
390328d3-f569-49f5-aa1d-f0d9bb30ce5f___Data_one-size-fits-all-p376bk5-fastrack-original-imaexh3mku3skee6.jpeg,312,156,sunglasses,5,310,5,147
3a213d09-71c2-4021-b2fd-ef5638400411___Data_31MWOi1a9HL._AC_SS200_.jpg.jpeg,200,200,Trousers,59,131,1,174
3ade1907-3622-4a62-8ec0-54637954a44e___Data_pastel._V507777836_.jpg.jpeg,500,500,Shirts,100,403,45,431
3b40cef5-c0cb-4588-b4b7-eac51ebc8bb0___Data_m-clmt-ruffle-07-clemente-original-imaf54zdxgjwwuxp.jpeg,172,312,Skirts,2,150,9,261
3b8df722-87e9-4fc3-af6a-c47b6578ce71___Data_41jj2AnCwxL._AC_SS200_.jpg.jpeg,200,200,Shirts,38,166,17,168
3cdbca15-8b11-4bc1-b1cd-1fb956bdb712___Data_41Byg59AwiL._AC_UL501_SR385501_QL65_.jpg.jpeg,385,501,Jeans,112,292,17,427
3d75a8b3-80aa-4a19-be35-aab427291e1b___Data_sporter-o-brown-606-9-sporter-brown-original-imaey4zgqeek9syc.jpeg,312,280,Shoes,9,309,5,278
3d7c622c-16bf-4ede-8f10-197dea58a779___Data_rchn-b1-top-notch-s-original-imae8tqjr3sqwhqv.jpeg,178,312,Tshirts,5,178,77,277
3db81f37-eede-40cb-a717-1bffe6c35205___Data_61ugG6323wL._SY220_.jpg.jpeg,161,220,Trousers,44,131,11,207
3ecb4e2c-080d-43a4-9cd7-e1c72a6b472b___Data_1535-0110-redlv-jockey-s-original-imaekkz73nycqjqz.jpeg,172,312,Tops,21,150,89,289
3eebdba0-20a2-4ac7-b764-7f81fdafe6c2___Data_41q27lJbEfL._AC_SS200_.jpg.jpeg,200,200,Shirts,27,183,27,177
3f0bc1e9-ba6d-4683-9dbb-2a991be5cb2a___Data_gibbson-41-shoetopia-red-original-imaf5gf4tapmq9kq.jpeg,312,172,Shoes,4,308,2,160
3f1a7cea-d9d0-4482-8a66-d104f1118943___Data_boot-jumbo-b-37-do-bhai-pink-original-imaewssgnntqrpfq.jpeg,312,260,Shoes,4,298,5,260
3f3ac1ec-4f89-4377-9948-c091b3c6e222___Data_71d2tHoBPLL._SY220_.jpg.jpeg,165,220,Jackets,14,165,2,171
3f675865-0ba4-49ea-893e-a5ff4afbc7a2___Data_71q4q3FDFPL._SL170_.jpg.jpeg,170,170,Shirts,7,168,10,157
3fc197b3-7a73-4dba-b007-e3ed2f84484a___Data_5.jpeg,164,312,Tshirts,4,164,81,287
40440c26-cd3b-48ba-8861-91a289dd223d___Data_32-jcmwtra170044charcoal-gray-john-players-original-imaeyfs9wgfx4xfv.jpeg,154,312,Trousers,8,153,32,277
409b6082-0ed1-4b9d-b8e6-81139761b6d6___Data_8803-41-zapatoz-black-original-imaex2xdudcggdty.jpeg,312,173,Shoes,5,312,1,162
416fedf3-46d5-4cce-b414-cc2d62fc1337___Data_27-00227420-light-denim-forever-21-original-imafyq2huuyrjrjd.jpeg,140,312,Skirts,21,140,15,145
41822d5a-73d8-4d2e-a253-c0f5c14c7391___Data_boot-jumbo-b-39-do-bhai-black-original-imaewssgduvr4wzj.jpeg,312,271,Shoes,4,308,3,261
418de07f-590a-446d-ab4e-e691a6a900cf___Data_m-ejk51709016darkbluesolid-peter-england-original-imaeyyh7zjtrm955.jpeg,214,312,Jackets,6,213,69,272
41c4a40e-a106-456d-a920-21e567ad314c___Data_stylish-arc-uv400-m-criba-original-imaez5ezy8vjgcts.jpeg,312,126,sunglasses,2,312,1,124
41ed412c-91dc-44ad-9e31-b099c9705fcb___Data_s-tttp001992-black-tokyo-talkies-original-imaff8yh2ehumqqp.jpeg,183,312,Tops,10,181,55,259
4212edc3-4a4f-41d4-b667-298db78faf2b___Data_41F6kLZyn8L._AC_UL501_SR385501_QL65_.jpg.jpeg,385,501,Trousers,114,277,10,392
423d4487-8552-4e8d-acaa-a6421302dd70___Data_aw16-jkdenim-m-pln-dnbl-campus-sutra-s-original-imaez3f4v2q78ju8.jpeg,161,312,Jackets,1,154,73,305
43296f37-a241-4890-a298-b115a8e7527e___Data_m-fa-b80-51-gun-grey-farenheit-original-imaf52vggjrggmem.jpeg,312,148,sunglasses,8,312,4,145
437b329b-19be-4340-9e38-7bdcc713c45e___Data_38-sku-dividerjktt-ico-blue-star-original-imaeurrkqtzhys4e.jpeg,177,312,Jackets,1,177,58,263
442844b8-271a-4a3b-b354-64efe8212606___Data_41knC4cxS8L._AC_SS200_.jpg.jpeg,200,200,Shirts,41,156,42,155
449672a2-c2f9-4af4-9891-8c3947bfd999___Data_40-cameracamo-forest-club-original-imaetyuywfjqzx8t.jpeg,174,312,Jackets,10,150,70,288
45d55b05-b2bb-4a2f-8653-5019b8431f21___Data_xxl-kotytop42-kotty-original-imaexbvc2fcktuvf.jpeg,199,312,Tops,39,180,74,235
46473241-3d8d-45c4-a805-f0772ebeb1c7___Data_s-awjk515b00670medium-red-solid-allen-solly-original-imafygwbtepg2hgp.jpeg,137,312,Jackets,9,137,73,281
47571997-afab-42ea-88b1-669f77812a39___Data_41gzaTK2L6L._AC_SS200_.jpg.jpeg,200,200,Tshirts,53,140,40,183
48085d12-703f-4f9b-ab6b-7638caf63b31___Data_81pQ7FuD6tL._SY220_.jpg.jpeg,169,220,Trousers,50,134,6,195
48a44816-305a-46dd-9581-02b3762b9e1b___Data_m-hlsh009375-navy-blue-red-highlander-original-imaeztzvxezz4h2h.jpeg,156,312,Shirts,12,154,63,278
499e814c-abc9-44c2-95d1-1577dc24d57d___Data_42-vasmj002co-vastramay-original-imaf5etybfjhw2rp.jpeg,173,312,Jackets,25,156,73,302
49d0c696-df8a-4f3a-96a8-63bcff51829c___Data_1467-0110-purgl-jockey-s-original-imaekkz7jubmjwzd.jpeg,175,312,Tops,3,141,69,256
49dfab63-a287-4017-b0da-2d8e988f4f9a___Data_m-hlsh009638-white-blue-highlander-original-imaf2f4ghxmsqrhm.jpeg,214,312,Shirts,23,213,64,301
4a2ff329-b236-4b8e-b1b7-3d046e21b94a___Data_rs15a0bcm2-rodid-s-original-imaepff4z8axwhz4.jpeg,159,312,Shirts,6,158,77,281
4ab47a2f-4977-494f-bce4-fea04af4b388___Data_41E7PA5lJGL._AC_UL260_SR200260_.jpg.jpeg,200,260,Trousers,46,155,8,229
4ae0ccfd-c6f7-49b6-adf6-bc6871cf9d53___Data_free-ls-leaf-black-camey-original-imaf5cjyjwb7wyhr.jpeg,234,312,Skirts,66,170,35,181
4bb8fd9d-8d52-46c7-aa2a-9c18af10aed6___Data_xxl-top-4437-jolliy-original-imaekasxahykhd3t.jpeg,147,312,Tops,2,146,79,253
4c13b3c3-c813-4c00-8c72-f478bfed422d___Data_l-mw87green-metronaut-original-imaf3jbdwkawngcf.jpeg,245,312,Tops,65,193,65,216
4cc0d3a1-790f-417f-aa3f-af9259ec006b___Data_free-size-p357bk1-fastrack-original-imaesxqcdzc2jvjv.jpeg,312,255,sunglasses,3,309,1,169
4dd61f69-6655-4ee5-bc42-8f12c79e9719___Data_m-mss18cn060b-metronaut-original-imaf5frd6vhwmqbq.jpeg,245,312,Tshirts,56,219,68,256
4e53c758-29ba-4d9f-97b0-354539306a82___Data_m-ep1602-pink-rare-original-imaeqct5fbzghe4q.jpeg,234,312,Tops,58,188,76,288
4f63422f-606a-4cfb-9fbe-3ec38b8c2a64___Data_81fCBdbeDvL._SY220_.jpg.jpeg,169,220,Tshirts,24,154,16,186
4f648fbe-b5b7-4c70-a609-0366189a771a___Data_55-carrera-5002-sp-i6v-553r-carrera-original-imaexxh4hgnmwvzm.jpeg,312,151,sunglasses,6,308,2,151
5014e2dd-b678-4f32-b786-b94355a1959c___Data_l-ac0001rrc-thefashionexpert-original-imaeuw65gpxxhyaz.jpeg,170,312,Tops,0,169,21,237
505c0f50-a8ec-4969-8406-73e394a2e3b3___Data_32-fmjc0227washed-denim-flying-machine-original-imaffz9kyh2axwt8.jpeg,173,312,Jeans,37,166,18,290
50eccb59-8a9c-4b26-a922-9af518a0f679___Data_s-14054-14-u-f-original-imaeueamuw97jjub.jpeg,234,312,Tops,58,202,84,301
5126ef84-bca1-4e4f-b3cf-1ffa669c061c___Data_lr-23-38-asian-pink-original-imaequq3fgwnkeuc.jpeg,312,175,Shoes,5,309,2,166
5143fa1c-1d9b-4778-803a-7e1a5669b3a7___Data_m-gsjkt1502ing-gritstones-original-imaewwa3zf9rqea9.jpeg,136,312,Jackets,0,135,67,254
51c3dc6a-1ea8-4116-a07b-99cbba499d6a___Data_m-wy202-silver-kartz-original-imaexthmgjtqdxuk.jpeg,312,150,sunglasses,2,312,3,149
5279f863-e61c-4f44-ab01-11874c9630c1___Data_pa-gold-star-40-sir-denill-pink-original-imaf3h24gs3dhzwu.jpeg,312,154,Shoes,2,312,2,151
52c59fbb-a172-44af-835c-3b0f946da036___Data_32-jfmwtra170008frost-gray-john-players-original-imaffrxbmu5bks9g.jpeg,183,312,Trousers,48,165,11,285
52fe3aef-4ad2-4f79-b832-1ef7281fb887___Data_m-hlsh009622-white-blue-highlander-original-imaf2f4ghkmygcsz.jpeg,180,312,Shirts,20,172,81,311
54171a24-7820-4f82-b493-b5fbe344e1ec___Data_free-sk-5153-jwf-original-imaf4v8kgkr3zedd.jpeg,252,312,Skirts,3,252,20,298
541ddbd7-608a-4bff-b2bf-ee03953b52e3___Data_41HYI-SRGmL._AC_SS200_.jpg.jpeg,200,200,Trousers,54,133,7,176
5458836d-8565-4339-8ba7-b1bc6ce168e0___Data_s-tj5455-black-tinted-original-imaezwe4pjzzagzy.jpeg,137,312,Jackets,3,137,58,301
547a4027-92e5-439a-a654-270e62ce246f___Data_32-w30138w22smujsw-blue-wrangler-original-imaf4huvhzyhtwja.jpeg,168,312,Jeans,30,145,5,265
56b75a6f-e494-4e41-af9a-0de7f942a091___Data_32-55714-0010blue-levi-s-original-imaf5cf3ffmyaeen.jpeg,145,312,Jeans,28,137,4,276
56d27b47-2599-4b3c-b95c-841d240c7d07___Data_l-mkskrt025-modern-kart-original-imaf52fugydnpgra.jpeg,213,312,Skirts,2,213,26,285
57f64c23-6da1-4d40-938c-1cb2d33015b7___Data_m-zcmwjaa1500141b5-john-players-original-imafy2jb73tv8ves.jpeg,188,312,Jackets,7,188,6,267
587fd74c-3f56-405f-abb0-32eae191e3af___Data_32-jfmwtrs1600071a2-john-players-original-imaewgq32sfg5wfj.jpeg,193,312,Trousers,49,168,7,286
5891cb16-e1ea-4d9b-a1de-e88432f7053d___Data_s-52152-0001white-levi-s-original-imaf2gajnqz9zecz.jpeg,211,312,Tops,36,205,65,256
58ab7ba9-f6dc-451e-bc0b-2a776d9cdc7d___Data_32-xmta02279-k8black-parx-original-imaf4vt33jyqeh3h.jpeg,150,312,Trousers,11,141,19,272
58b00e14-f0fb-4ec2-8adb-671f38429714___Data_27-0025101405-forever-21-original-imafyq2ktrdyeae7.jpeg,157,312,Skirts,27,138,9,140
58c87fc9-0911-4da6-9d34-8eb5f27cf547___Data_cf-707-mc-37-cute-fashion-black-original-imaez9tg5v6rgzug.jpeg,312,263,Shoes,3,312,4,259
5921840d-43ee-4d1c-a58a-1a427ab2f86d___Data_4132uUSjbhL._AC_SS200_.jpg.jpeg,200,200,Tshirts,28,181,5,166
595a5042-6a71-4170-a24a-c8bee7715283___Data_l-545jac-clo-clu-original-imaeuzegyhkcqxaf.jpeg,155,312,Jackets,14,154,84,233
5bbac8a2-dbe5-4a57-9526-a1a45babe5d7___Data_32-57764-0002brown-levi-s-original-imaf5ba4bfccajzu.jpeg,160,312,Trousers,15,141,8,269
5bf46eff-cf65-40db-8b70-fe685d886373___Data_top-speed-xtreme-ss18-9-reebok-white-cycle-blue-original-imaf4ef3vn9mthru.jpeg,312,177,Shoes,3,312,2,167
5c6e5189-38a5-4c16-843e-284582689c9a___Data_aviator-m-cruze-original-imaeua3mnm2vzyzf.jpeg,312,138,sunglasses,10,312,6,132
5cb185ff-c6c2-4c59-bbe6-eb62630681e9___Data_as-1005-51-blcl837-60-aislin-original-imaez6sjteedckh5.jpeg,312,132,sunglasses,4,310,1,132
5cc3ac85-9033-4750-a3f9-86851234c70f___Data_41N7BWF3wwL._AC_UL260_SR200260_.jpg.jpeg,200,260,Jeans,50,159,16,216
5d748756-8c62-411b-8bc8-d4944bb2a6d3___Data_l-slpwomenjkt-05-stop-look-original-imafffs6gmzhfz4p.jpeg,120,312,Tops,1,118,61,237
5ebe960f-0f79-44c6-8a96-3efbf3c8e844___Data_s-1957a-buynewtrend-original-imaf4fdzrcggqbjh.jpeg,156,312,Skirts,5,153,66,301
5f210a3a-01d5-4c9d-a8a1-242a0db6a3bf___Data_40-esf517013846darkbluewithblack-peter-england-original-imaf47c9dvkshnha.jpeg,156,312,Shirts,6,156,68,275
5f2b7401-8f9f-450c-91fa-af925475b01c___Data_31UvBz7apuL._AC_UL260_SR200260_.jpg.jpeg,200,260,Trousers,56,154,9,227
5fbb6222-7e65-49ea-9be4-6676a36c41bf___Data_free-ls-27-blue-camey-original-imaewpgx6yfg3k7g.jpeg,151,312,Skirts,45,151,22,284
6054c662-653b-41af-8bc6-7a917c1c79f0___Data_32-zcmwjna160037jet-black-john-players-original-imaf5bazfzjkkggh.jpeg,179,312,Jeans,41,151,1,284
614f2fd1-dfa9-45dc-82e2-752f8a2f7b24___Data_32-hltr003936-mid-olive-highlander-original-imaf4p4sn4zyxpwz.jpeg,169,312,Trousers,45,145,5,269
62f1edb3-9f2b-4473-8ac7-a3ab227165d9___Data_free-sk-26-jwf-original-imafyngmpzh7k8gn.jpeg,221,312,Skirts,10,221,5,266
632060c0-f830-4524-b734-11f195560350___Data_419Ln2KHspL._AC_SS200_.jpg.jpeg,200,200,Tshirts,47,162,45,171
6388e693-0784-42ae-9652-30c914b81c5f___Data_41Fb9QGBbL._AC_UL260_SR200260_.jpg.jpeg,200,260,Jeans,52,149,14,224
64d64a9c-ab6f-47aa-b756-f35b04262f3a___Data_36-mj-jogger-2-rock-hudson-original-imaf42fpzhsrwv5j.jpeg,153,312,Trousers,19,147,6,275
6514e4be-561b-45d2-89e6-d4dba9117b55___Data_m-l2415917hk14white-lee-original-imaf5cfp8tv6zmjd.jpeg,144,312,Shirts,10,144,73,266
65aaa678-f925-4551-9609-034c31a5ed27___Data_jdn51606152darkbluewithblue-peter-england-32-original-imaephya8g3srmzy.jpeg,154,312,Jeans,9,133,9,280
66171873-262b-43e3-9471-f891dd539b49___Data_fo1066-9-kraasa-black-original-imaezsxz3auzzcz3.jpeg,312,154,Shoes,2,312,6,150
66ba49e3-c0b2-4a3c-b01e-f7d1fe137216___Data_81sbPmRUgTL._SY220_.jpg.jpeg,161,220,Shirts,7,154,13,202
671aaa26-6f6a-4d2f-975b-adc1137fb010___Data_m-pimt200805navy-pepe-jeans-original-imaf453n7hbfx3gh.jpeg,151,312,Jackets,29,134,58,232
672728e3-15bd-48e3-b40c-8dfed5c0d210___Data_xs-kotydenimjacket53-kotty-original-imaexcttykfed7k7.jpeg,163,312,Jackets,12,161,71,271
675c7655-9eae-4960-a14f-cacf4227c213___Data_32-l32181248smumoss-green-lee-original-imaf4huvaa53awkv.jpeg,171,312,Trousers,33,151,9,247
679aef45-01ac-4275-929a-b6e43a70623c___Data_p089br2-fastrack-free-size-original-imadzhjfubaswmf3.jpeg,312,207,sunglasses,3,311,3,179
67ed581d-f6a1-4daa-85b7-acb7ba4a3fea___Data_free-combosk-7307-mudrika-original-imaf48tzs2ewssqn.jpeg,254,312,Skirts,6,253,13,294
68127aec-d0a8-4d27-bb90-4eb357d08021___Data_41F9MDR2BZZL._AC_SS200_.jpg.jpeg,200,200,Shirts,47,160,17,168
6905f833-9345-4a81-81b9-beb2decea8f4___Data_s-1664aj-buynewtrend-original-imafy6g7g4wvurn5.jpeg,164,312,Jackets,1,163,73,217
690fa81b-429d-45bd-b088-494a8185c604___Data_l-aan055navyblue-aania-original-imaeumy3kzm28czf.jpeg,149,312,Tops,1,149,73,266
6960a27b-e5fe-4107-8dfb-56ac1fe5aa9c___Data_s-00197056-lavender-forever-21-original-imaf2h873mg5sngh.jpeg,185,312,Jackets,22,183,6,252
697f337a-2fae-465f-8133-795d6e2d3dd4___Data_s-00251617-beige-forever-21-original-imaev3vxhxuq68h4.jpeg,146,312,Skirts,24,139,13,123
698ceabe-77af-43e9-81ca-f8d9ae667581___Data_4.jpeg,151,312,Tshirts,5,151,66,281
69d4b0c9-ff28-4108-845f-7df596a2ef54___Data_m-fmjkfz5ink-blue-numero-uno-original-imafyseyqyjrwqqg.jpeg,161,312,Jackets,13,160,57,266
6aac2c75-264e-4115-adf6-c986d64d8f0b___Data_bs6421-black-coal-white-7-5-reebok-black-coal-white-original-imaez6g2h26yupzb.jpeg,312,196,Shoes,3,310,1,193
6ac9faea-450f-47e2-97fc-ce76300bde4a___Data_s2-40-steemo-black-original-imafymypfcxamguy.jpeg,312,184,Shoes,2,312,3,176
6ae48894-8485-4fef-9a37-5c249fd7cadf___Data_newwrapskirt-8-buynewtrend-28-original-imaeg4wzk4y6rfgf.jpeg,153,312,Skirts,10,153,13,309
6b3cfcad-8005-41a5-a2fd-d71e32f3b661___Data_xl-ep2100-rare-original-imaeuwyqhmrq2zbk.jpeg,150,312,Tops,15,145,57,237
6b70c458-da55-40c0-acf2-ea38dc61f7d9___Data_medium-wf-23-golden-blue-poloport-original-imaffb9zgran7hed.jpeg,312,136,sunglasses,5,312,2,133
6bbd4702-35ee-4265-a64c-681f95859575___Data_selfie-frame-for-any-age-0-1-blutech-original-imaezgmqymmyzz9v.jpeg,312,112,sunglasses,3,307,0,112
6bd7943f-de3e-4ab7-ac17-7914a9a2c278___Data_s-af905-99-affair-original-imafy87atss6tzm6.jpeg,154,312,Jackets,1,152,89,226
6c2bbf1c-de20-48c0-86ec-583c090d3d9f___Data_vv1142dnvy692trq-vvoguish-xl-original-imae6gakezfgcwx7.jpeg,234,312,Shirts,59,201,88,259
6d432d91-ecb8-43be-9e64-ae6ffb953241___Data_46-bfrybluesht02-being-fab-original-imaekjr8ymhnxznp.jpeg,288,312,Shirts,2,288,17,293
6d4a2bbe-9f4e-4a8f-b322-0da8965027b1___Data_l-705sk301li-amadore-original-imaetxfzhdv3h8ey.jpeg,169,312,Skirts,17,149,8,241
6d522918-0935-460a-9311-b432a06740b8___Data_l-clmt-ruffle-01-clemente-original-imaf54zd8huzwjgh.jpeg,144,312,Skirts,2,140,20,284
6e0c368c-ba29-486a-9c6e-a2995cd69735___Data_free-combosk-7298-mudrika-original-imaf4fz6u8ndzbrh.jpeg,267,312,Skirts,3,266,26,297
6f492713-1fea-433a-91c9-28f9ba660306___Data_32-18162159131216-rpu-original-imaf2hz2gbcxtchv.jpeg,223,312,Jeans,56,178,1,275
6f780052-8f44-4bba-af37-2d933c8c5e3c___Data_gr3158-green-harpa-xl-original-imaedp3brqcvezmg.jpeg,131,312,Tops,1,130,71,231
6fc71fae-bc04-4f10-a9d7-2c045858173b___Data_32-l32191248smunavy-blue-lee-original-imaf3suy7bfbw4yf.jpeg,173,312,Jeans,27,164,17,277
700753c0-1855-40a8-8932-787858b5ecd9___Data_fo1046-11-kraasa-black-original-imaex8rfjguvcuw2.jpeg,312,155,Shoes,6,312,5,154
70a03ca0-4450-4f56-a95f-70c35a9de8ca___Data_2003-7-red-rose-black-original-imaf2qcrr5uhh2rt.jpeg,312,204,Shoes,12,311,35,189
70fc4938-c18e-48bd-9999-ec5ae4ca4b7f___Data_34-jog-hps-dblue-urbano-fashion-original-imaexuayks89fgzp.jpeg,148,312,Jeans,9,132,13,273
718a6900-9339-4ac4-8cc8-c8eeb2f080e4___Data_m-cp299-1-clo-clu-original-imaezqdrzxqfjpvq.jpeg,155,312,Jackets,3,154,66,238
732603c2-20da-4e32-b174-ddca2a5f3cbb___Data_1-1-gr2619coral-harpa-m-original-imae89cfyjdenvea.jpeg,208,312,Tops,37,170,91,270
7344aedc-9d08-42df-91cf-11c7ccf7f877___Data_m-pimt200807-navy-pepe-jeans-original-imafy6kcs79xshyy.jpeg,238,312,Jackets,54,201,74,268
7378ab3c-98b0-4c27-8d3e-869ffab19aa0___Data_xl-tj5455-olive-tinted-original-imaezwe4udy5z6jg.jpeg,145,312,Jackets,7,145,65,305
73e8fe45-56fd-4681-aaff-58a483a2ad9a___Data_xl-jswj103-xl-decot-paradise-original-imaexdytexhazpa6.jpeg,181,312,Skirts,10,181,37,246
740ef2e4-89e5-4a8b-b810-a707f7fb96fc___Data_free-sk-5158-jwf-original-imaf4v8kpczgyzwk.jpeg,253,312,Skirts,1,253,17,302
743ee521-6ba7-4d69-9e1d-c4f4405a84f3___Data_m-13302-fablack-fort-collins-original-imaffznymgbk8v3t.jpeg,188,312,Jackets,9,188,57,270
74529fcd-30fa-4305-b94a-65b624c14c0a___Data_m-305-trendyfrog-original-imaffd86btmgvsng.jpeg,190,312,Tops,1,190,94,295
74cfbc29-d422-4cf1-8499-1e134faedd25___Data_free-sk-2100-silver-organisation-original-imaf3gwcggzgnfuz.jpeg,261,312,Skirts,7,260,7,300
750cf935-8c49-4a72-b040-49e4c0f23620___Data_s-101000910112-smartraho-original-imaethfbkqgvehdd.jpeg,202,312,Tshirts,4,157,72,276
761d2e48-721b-4026-b3f5-362052bb165f___Data_free-raprhc169-handicrunch-original-imaf5gf87srzh8bf.jpeg,182,312,Skirts,8,181,1,288
76ba4e17-93d4-4dcf-b2ab-dbf6d1510fea___Data_m-udsh0123olive-u-s-polo-assn-original-imaf5a59agh62yaf.jpeg,157,312,Shirts,10,155,63,253
7773165b-cf99-4477-9afb-1e3cf78cc421___Data_1106-40-bella-toes-black-original-imaeqwrgk3cpvquh.jpeg,281,312,Shoes,5,279,61,256
795ddd59-bb4c-470b-bd7f-157bec26137b___Data_m-wtop-34u-tweety-sblue-young-trendz-original-imaex88k3gmvjv6v.jpeg,250,312,Tops,49,236,73,269
79b7a8d4-563d-48cc-9e88-dbde080e071e___Data_61vVH5WQ2BHL._SX170_.jpg.jpeg,170,216,Trousers,46,129,11,184
7ba1b344-34fd-44f6-8371-41cb995aa7bb___Data_xxl-c503-mediumblue-dennis-lingo-original-imaewtwz47fdydgm.jpeg,169,312,Shirts,4,168,72,288
7c158f90-64ed-481d-911d-eca5b1244b51___Data_40-jcmwshs170094dutch-blue-john-players-original-imaes39aaytstmuq.jpeg,175,312,Shirts,6,175,61,287
7c175b1e-e3a5-4228-b1c4-ea98b54a294e___Data_51yiTpYcV0L._AC_SS200_.jpg.jpeg,200,200,Shirts,30,175,6,200
7cb0dd0c-bc5d-43b1-afb7-32c59fbdc493___Data_s-tdc20491-the-dressery-original-imaetkygnxe3pw3g.jpeg,179,312,Tops,1,178,71,295
7ccedc50-5e95-464d-ac6c-ced3db34cc63___Data_41CdcqLHkXL._AC_UL501_SR385501_QL65_.jpg.jpeg,385,501,Jeans,107,279,26,416
7d4e748e-8933-44c5-96f4-9d8f2d58268f___Data_spj1jamaicap-heart-2-heart-xl-original-imaek5cq7twqzv3m.jpeg,219,312,Tops,58,170,46,161
7e314052-312e-404e-863d-25d27729f91b___Data_1214-39-krafter-white-original-imaewdp6wxygyn4y.jpeg,312,175,Shoes,6,312,4,174
7ed1ec37-3ff1-42a6-9df7-85a791da8b3a___Data_free-size-ms17sg032-metronaut-original-imaexw44hnnjdcph.jpeg,250,312,sunglasses,1,246,141,277
7f2222f5-9b51-43a6-ba5f-4408deba88c5___Data_413VSMjvskL._AC_UL260_SR200260_.jpg.jpeg,200,260,Jeans,64,158,5,225
809b7d24-9031-4faf-ad74-66b83ddc7c4a___Data_xl-rt021-leana-original-imafyguj4gfp6sey.jpeg,151,312,Tshirts,3,151,64,262
815feb44-f215-4e3d-be2c-d0400018e2a7___Data_oskav362-40-moonwalk-brown-original-imaf2yzergr2pqwx.jpeg,284,312,Shoes,1,284,1,296
8164784e-82a6-4af6-9f71-43c28bb5c98a___Data_sho133-7-t-rock-black-original-imaewtw2rdqzygyx.jpeg,312,201,Shoes,2,312,1,179
81d61608-1ba0-4415-8b68-57982d51c0c1___Data_38-308-darkmaronkiller-mesh-original-imaezyvzvfm7mgz7.jpeg,177,312,Shirts,4,177,63,245
8326f8a3-7d2b-4a15-b84c-446432da9656___Data_s-ajqw13555lt-pink-arrow-original-imafy2jfqtfchft4.jpeg,187,312,Jackets,13,182,57,269
832c0b70-ec85-40ce-91db-5682176a573e___Data_32-jfmwtra170013jet-black-john-players-original-imaeyfs9cj4yyc5c.jpeg,203,312,Trousers,18,155,30,283
84499a31-897e-4f77-a71c-3a0c450ab6a6___Data_32-nl-s-emmett-black-blackberrys-original-imaf4tgg2ayvzjjv.jpeg,177,312,Trousers,27,166,8,275
850e2b41-c84f-41ab-a521-e85c0fe6c230___Data_s-16au32538-651148-w-original-imaffh5zzvvgtgy3.jpeg,108,312,Tops,18,102,43,267
85775963-bffc-4099-b532-7c4d8b8436c2___Data_011-grey-pink-ld151-blue-sky-8-steemo-grey-original-imaeqws5v6wsd82u.jpeg,312,186,Shoes,9,309,1,173
85c4b015-5ab1-432a-867c-9373dc009e93___Data_m-fmjk0514black-flying-machine-original-imafytgpqkub6md9.jpeg,188,312,Jackets,1,188,61,284
85df3cd2-70f8-4b69-ad0f-4738035ec78f___Data_32-ustr6564deep-navy-u-s-polo-assn-original-imaf2vp7hxmfunft.jpeg,187,312,Trousers,57,175,5,280
8604c95e-5e7c-42cc-b772-e3ce29189ec4___Data_30-mj-cross-01-03-03-xee-original-imaeut22cnzn5sha.jpeg,208,312,Trousers,38,181,3,281
87376b34-e551-4828-b5cc-88a3803b383f___Data_randier-md-blue-randier-38-original-imaedf4utpnsrxgg.jpeg,208,312,Trousers,48,157,4,261
87a2d645-b131-4bad-b803-7c7cd8309918___Data_81hCw2dOEXL._SL170_.jpg.jpeg,170,170,Shirts,36,136,12,147
8859ac1d-a86f-4d7c-bfc2-9cbf5a766002___Data_38-ljsl007black-l-zard-original-imaezrxp5buuccyc.jpeg,168,312,Jeans,6,134,2,263
8870a2ea-b95a-4384-ba19-dd84f0386e77___Data_32-hljn000655-blue-highlander-original-imaf5g63bdmf9vz7.jpeg,168,312,Jeans,41,162,5,276
8898b50e-be32-49f3-aada-a2ca94297539___Data_free-size-p352bk3-fastrack-original-imaey5twyrfgzdwe.jpeg,312,146,sunglasses,9,310,3,145
8905c109-d1f9-43af-8db8-c1356529aac1___Data_dv3064-magnus-free-original-imaejwct2ekghatc.jpeg,296,312,Skirts,33,296,28,309
895b29cf-1cb7-49fc-a275-8c447567c50b___Data_32-jcmwtrs170021beige-john-players-original-imaeskttpnytqbgg.jpeg,166,312,Trousers,19,154,13,270
8ab4aa45-6285-485f-b4fe-b5e13e031aa9___Data_41CdVbCRfiL._AC_UL260_SR200260_.jpg.jpeg,200,260,Jeans,51,161,3,236
8b6a8060-d2d9-45f1-b483-9443fe8c2b52___Data_g-56565632-free-kuki-original-imaf3dkkz5g4ufa7.jpeg,312,190,sunglasses,5,308,10,190
8c538eef-6685-4492-98d1-a2686a7e299f___Data_gsfsombvnecktrq-gritstones-xl-original-imaefss4hfczwufu.jpeg,146,312,Tshirts,5,146,65,268
8cd363f8-3657-4883-a9fb-c03c7ad074cb___Data_aw16-jkdbt-m-pln-cr-campus-sutra-xl-original-imaemf83e5x7cqak.jpeg,145,312,Tshirts,5,144,61,287
8cfb43b6-f7f6-4942-9da7-5d5e99f8ada5___Data_l-tgygrnvrnfulr3-tripr-original-imaexms2mchtkpys.jpeg,164,312,Tshirts,0,162,73,298
8d673593-1c09-4f1b-9e95-59a38186cc0f___Data_pn1-brown-fsm-39-fashimo-brown-original-imaffeughphrtmqd.jpeg,248,312,Shoes,3,233,4,311
8d6a1178-aef9-465d-ad84-12f43f3299ee___Data_32-w30116w22smujsw-blue-wrangler-original-imaf4huvkg7nkhze.jpeg,170,312,Jeans,25,146,5,267
8dde07e7-7988-4b7d-a7b3-5eceb6e12001___Data_s-ladies-denimhrug-4-rbtraders-original-imaf2rmxdzf99hjq.jpeg,180,312,Jackets,0,180,72,237
8f0d87d9-7305-4844-9d89-888c5d541a88___Data_l-fskf350315-msfq-original-imaf48s9t6wh5qrb.jpeg,126,312,Skirts,12,125,28,129
8f59666f-3af4-4a02-938e-9c1e0e2d0713___Data_gs60217jktgmel-gritstones-s-original-imadus5492utkbhy.jpeg,208,312,Jackets,45,157,65,213
902f0b30-b373-4bca-80db-349c013605a6___Data_1-1-t0012-chimpaaanzee-l-original-imae9xm8bbjhzkqs.jpeg,185,312,Tops,26,182,84,289
90be33b0-cb31-418e-a4fd-cd90df5747b8___Data_raden-m-ss18-8-adidas-mysblu-silvmt-mysblu-original-imaf4kzrprwdcsah.jpeg,312,197,Shoes,6,310,7,189
91d09eb9-2fd2-4581-a9d4-ecfce0ff12ec___Data_free-skr24-unikstop-original-imaf3b6enzzcdvh9.jpeg,312,286,Skirts,3,284,9,247
921091ff-dad6-4a6e-a2c3-086405d76f97___Data_re-gw-dn-m-resist-original-imaexfxmbezzefhu.jpeg,312,125,sunglasses,5,309,4,123
924905cc-0b39-4666-b77b-27cc0030f14c___Data_71J5RlLXyiL._SY220_.jpg.jpeg,165,220,Tshirts,9,163,25,217
92a5847d-878a-4eaf-a1ea-85ca2c701e69___Data_61jl1UQt5lL._SL170_.jpg.jpeg,170,170,Shirts,29,143,14,153
930e85da-9c68-4acb-bfcf-f04c7814e0cf___Data_m-zcmwjaa160001indigo-john-players-original-imaex3xf4vbzp2pu.jpeg,175,312,Shirts,10,173,53,266
93505f7d-e08d-4da8-bd33-1f7d6e6e246b___Data_l-2de-ltop-161-2-day-original-imaf52xvtgdvzbfz.jpeg,126,312,Tops,3,125,73,293
93798b5b-2d58-4c36-bdd8-291e7ce20651___Data_m-ds659-a-k-daller-fashion-original-imaf3zr3zshetgvy.jpeg,312,191,sunglasses,105,311,24,149
93f9eb10-47ee-4a1e-aacc-d3ca1581d322___Data_41NKk16rcHL._AC_SS200_.jpg.jpeg,200,200,Trousers,71,134,3,176
94542eeb-e889-4304-917d-0f356bad9569___Data_m-gr5128-green-harpa-original-imaf3fczdu6gpsqc.jpeg,234,312,Tops,7,233,88,288
947696b7-b2b8-42f3-8561-d9a4bc22ea66___Data_42-brown-velvet-stylish-jacket-for-men-s-akaas-original-imaexydhubxu3x95.jpeg,173,312,Jackets,22,150,68,289
95e7a9a1-cd48-41a0-8d10-7fd6d924551b___Data_41KSZPd-inL._AC_UL260_SR200260_.jpg.jpeg,200,260,Jeans,46,158,10,213
96724a89-b1af-4c00-89b7-c565b243012f___Data_smb001-br-plutus-l-original-imaemnf2nqs8zvvj.jpeg,104,312,Jackets,5,102,29,168
97fb96a7-15ff-4997-9ec3-fb06305a47f6___Data_free-vkrp001black-vaidiki-original-imaf4guqxs2tc3nq.jpeg,182,312,Skirts,9,181,50,269
98433696-5468-478a-af34-8710b65a9e68___Data_m-re-av-ga-bf-dn-resist-original-imafyuc9yzkqqp6x.jpeg,312,168,sunglasses,143,310,1,146
988f871b-27e8-46be-83fd-51857f592317___Data_36-scmccpts-001-seven-crore-original-imaf3sfe8ntufzq9.jpeg,312,312,Trousers,103,215,11,262
9912f8b3-b263-46a0-918b-e2b30d0b9b1e___Data_40-ita16dnd042lt-wash-1-indian-terrain-original-imaf3hd3qxjukgn9.jpeg,172,312,Trousers,35,170,21,284
9953b925-5a54-45f1-84b7-ef19efb9367a___Data_52-unisex-nw-2979-15-gry355-nuvew-original-imaeysdhrfug49fu.jpeg,312,144,sunglasses,5,309,6,137
99dc698d-7192-45b2-934f-4d6d57c95b7e___Data_m-3105-the-dry-state-original-imaexrpwgwwtkgwp.jpeg,132,312,Tops,9,132,88,287
9ada18be-acb2-4282-b415-a7b8c30f7bd4___Data_m-udsh0065olive-u-s-polo-assn-original-imaf2775hhghqbez.jpeg,169,312,Shirts,9,169,78,280
9adc44ee-7ba8-4f02-8d71-f749e30c7c8f___Data_3xl-fmzs0001-fanideaz-original-imaf35pxmaa4kxfq.jpeg,201,312,Jackets,5,200,63,273
9b066bf5-645a-4b30-a191-5e13f6e522b8___Data_m-lf5100rfusion-coral-duke-original-imaf4vw5zzjbcgwc.jpeg,154,312,Tshirts,18,153,77,271
9bebc95e-75fb-4f23-8bd6-d57e7f596653___Data_s-cm-ts09-cobio-man-original-imaf4d3mcqsbhxsg.jpeg,164,312,Tshirts,5,147,71,271
9c03073c-c1c2-4c19-950d-db847cbe1889___Data_s-mtro18-rn-hs-pink-white-revolutionpink-white-metronaut-original-imaf49ua3vq5fg39.jpeg,245,312,Tops,67,188,67,225
9c07b22c-091f-482c-bb51-7a6c333e403a___Data_l-tgyrdganesh-tripr-original-imaeverxfjpjkmwu.jpeg,155,312,Tshirts,5,154,64,286
9d9ba39b-224f-4fe8-8cc9-2351bfa1badd___Data_free-sk-5162-silver-organisation-original-imaf53qcvbsmksyy.jpeg,253,312,Skirts,6,253,18,304
9e1b10ce-849b-47d5-8df1-98a95be2bc90___Data_014-blue-pink-7-bella-toes-blue-original-imaexvz8fdfpmgde.jpeg,312,172,Shoes,2,311,3,164
9ed9ae0d-5c2a-4725-977c-9ae1e44d0ff0___Data_1106-39-bella-toes-white-original-imaeqwrnnzytc5s2.jpeg,281,312,Shoes,9,280,56,245
9edc5354-4e95-4e97-97ee-512fc1abee9d___Data_32-mact-02ag-020-a-lt-blue-a-spykar-original-imaf47m2nderhymw.jpeg,165,312,Jeans,27,149,5,277
9ee5f279-d609-4aae-be26-7479bbedb6ba___Data_32-ptf318001166blackwithygrey-peter-england-original-imaf36u65mmmynhh.jpeg,189,312,Trousers,53,187,6,285
9ff30221-4e90-4ce3-933b-d89fad5d8a9e___Data_32-zcmwjna160009indigo-john-players-original-imafy627y27jejyh.jpeg,174,312,Trousers,30,164,9,283
9ff5c21e-34a6-49ab-a62d-9b518a4efc85___Data_614-ypLFbfL._SY220_.jpg.jpeg,157,220,Shirts,16,143,21,183
a02e24d3-692f-4337-bc77-67aa98662220___Data_free-dl3219-decot-paradise-original-imaetmjdcs2wnkry.jpeg,140,312,Skirts,2,138,128,308
a06256bd-e0d6-471e-a8c8-2036402f6666___Data_41Oa2FCWflL._AC_SS200_.jpg.jpeg,200,200,Tshirts,46,155,16,162
a16bfb33-11d6-4de5-8e2f-e1ccde43deba___Data_luxury-clubmaster-style-silver-kartz-m-original-imaehqwqxxgzgmdr.jpeg,312,255,sunglasses,5,309,92,255
a1d78cef-6e2f-478d-a1b1-c5b3ce02159e___Data_s-ae3207102-aeropostale-original-imaexhcsbtzsyknz.jpeg,142,312,Tshirts,19,141,72,257
a21a3486-a630-41ec-abb7-fc391b233d69___Data_xxl-kttmensdenimjacket26-kotty-original-imaffy24yujbjuqu.jpeg,178,312,Jackets,2,177,68,281
a23e023d-ec29-452e-8779-edbacf6b3703___Data_m-rk07lilanskyblue1tasal-jolliy-original-imaezgzzcv2cpnbh.jpeg,154,312,Tops,12,153,89,256
a3546301-9cb8-42d6-a2df-a122ebd4be00___Data_32-jcmwtra170030clay-john-players-original-imafyasegwztnvfq.jpeg,155,312,Trousers,17,147,12,292
a3690d78-7dc0-4f47-b276-2237ca5d8bc0___Data_xl-ts900905-ghpc-original-imaex2ut7dbtsbhn.jpeg,227,312,Jackets,4,226,4,304
a48c84bd-7b35-4b5a-8df1-db1b2581b43b___Data_l-gg218-gespo-original-imaezqmgvwh52rcv.jpeg,138,312,Tshirts,1,137,63,273
a4e771bd-8e74-469f-b5a4-bbe4f849836c___Data_32-fmjno0124blue-flying-machine-original-imaf4gads23ekgnf.jpeg,162,312,Jeans,24,153,5,276
a5688e31-7764-4c87-8867-85bfe619cb04___Data_fst-1149-35-fausto-beige-original-imaexj6ufjfjhjvq.jpeg,312,120,Shoes,3,293,1,120
a58ffb59-5e7f-402d-a2b2-0ef98b37eb77___Data_1-1-gr3043-red-harpa-xl-original-imaec6zsgjcr6pfu.jpeg,117,312,Skirts,9,113,150,298
a5c20a8d-f8d9-4a76-a61c-54c7467df8f0___Data_one-size-fits-all-p357bk5p-fastrack-original-imaey5twhhz4wsc8.jpeg,312,173,sunglasses,7,310,2,169
a5d6a360-3253-400c-a692-21242f193579___Data_1031-10-womens-zara-softy-tan-antic-rockerfashions-m-original-imaehqzupt7gycdc.jpeg,154,312,Jackets,8,151,73,257
a6041dfb-fdf7-4367-94fe-bd5da43e1cc7___Data_one-size-fits-all-re-superb-r03-resist-original-imaf4a6qhafx3qrd.jpeg,312,241,sunglasses,6,301,73,209
a67526b4-a1b9-4410-909e-9f7d8cd906d3___Data_uv400-stylish-f-aligatorr-original-imaeupmzghrnqvdh.jpeg,312,136,sunglasses,3,303,3,135
a68ed5c1-08d7-4b1a-a24c-9ca17b100b55___Data_32-w30150w22smujsw-blue-wrangler-original-imaf3sttp2gmcgap.jpeg,158,312,Jeans,25,140,6,275
a88f4e93-f18d-43d1-8129-c28037d3f646___Data_wndr-13-8-asian-grey-green-original-imaenr72gssfxrbj.jpeg,312,222,Shoes,9,312,13,216
a8b4d260-a60e-4ab8-9ed7-d567ea9c6a30___Data_s-00192602-olive-forever-21-original-imaexx5my2cz6ab2.jpeg,152,312,Skirts,21,141,7,144
a8b9fcb5-fcee-47a4-95df-cabe91096ee0___Data_m-1874-buynewtrend-original-imaf3kj5vsseeugt.jpeg,148,312,Tops,8,143,72,270
a923c37e-4f20-420f-946c-bf993e8c4245___Data_m-vhjk516m09541blue-van-heusen-original-imaf5a64zhe4gxds.jpeg,168,312,Jackets,10,168,65,253
a92530ea-506e-4713-9805-ddb236764fc1___Data_40-jog-hps-black-urbano-fashion-original-imaewxe7fgyx7u28.jpeg,158,312,Trousers,18,121,13,288
aa1bc66e-985c-4c60-83f0-45d9123ad72d___Data_free-ls-31-short-green-camey-original-imaewpheakwhjzyu.jpeg,147,312,Skirts,32,145,32,197
aa27b19e-08b0-4489-a862-e07d6ae9556d___Data_rj08-hnd-001-39-beonza-white-original-imaf4v6kxjz9dzzu.jpeg,312,142,Shoes,4,312,4,139
aa562b5e-9f3f-4ea3-9281-ad944455acd0___Data_m-darzi-2411-darzi-original-imaexpcytma7syay.jpeg,137,312,Tops,0,137,69,253
ab2691ad-0675-4dee-9c2a-4b53447c567b___Data_s-17a3096e9423imulticolor-united-colors-of-benetton-original-imaffrxddxemuwwf.jpeg,154,312,Tops,7,152,82,266
ab4b5f3d-e24d-4991-861f-52ea04b0a798___Data_l-tandul-5408-tandul-original-imaf3cge2hfeyrsv.jpeg,142,312,Tops,10,141,72,253
abd79571-3922-4ee6-b124-d1183de482b3___Data_rvlsprts035-37-beonza-grey-original-imaexgcfxzzzz2cy.jpeg,312,182,Shoes,7,312,7,180
abf7d6ea-022d-426b-befe-67b5298b7c18___Data_m-oxyee-roller-fashions-original-imaewsrfrzgyx6nb.jpeg,152,312,Shirts,4,150,66,292
ac33201c-212f-4fd2-b938-39fd80db2442___Data_lj136-l-zard-37-original-imaezhhswcbzrdyq.jpeg,234,312,Jeans,3,186,7,277
ad2d6023-6223-46b6-bd3b-16e012fa2019___Data_81iCK4PxiYL._SY220_.jpg.jpeg,169,220,Shirts,26,147,50,191
ad63196c-1c12-469e-8569-489b2b817190___Data_sx0100l-6-sparx-dark-grey-peach-original-imafy9mt4p5zfs2z.jpeg,312,202,Shoes,3,312,2,200
adeeefb7-51dd-4c1d-bf98-5452449db6cb___Data_51PrlK2B3i2BL._AC_SS200_.jpg.jpeg,200,200,Tshirts,28,169,21,165
af0f3555-f5d8-4297-8d4b-7c17a2954d36___Data_718PPKOJ-AL._SL256_.jpg.jpeg,192,256,Tshirts,1,192,57,239
af3e48f6-d710-43ab-8703-beb7506d586f___Data_32-hljn000658-black-highlander-original-imaf5g63vz7zrb3a.jpeg,162,312,Jeans,20,159,5,268
afa8092f-d6ca-4d0e-8078-eee6caa0ef85___Data_8010199chinoscb-uber-urban-42-original-imae9czfeyxmu6ut.jpeg,179,312,Trousers,29,147,13,289
afbf5b7e-2ad7-4fe1-b2cd-3e691252e1f5___Data_jago-nu-idp-8-puma-puma-white-puma-silver-original-imafff5agp4khpgx.jpeg,312,187,Shoes,1,304,0,186
afd953dc-58da-4e11-8b75-84d686c3bbea___Data_xl-styl123bmini-franclo-original-imaf33cwf4ryxtjt.jpeg,127,312,Skirts,17,125,12,184
afdcc080-9629-4c13-8e00-33cc56ea899d___Data_40-zcmwsha160094mood-indigo-john-players-original-imaezuyhexjyg8zh.jpeg,104,312,Shirts,8,103,41,176
b1534d58-0238-4f5e-b533-896416062a23___Data_m-zcmwjaa160023002sunset-gold-john-players-original-imafytgz57mmhfce.jpeg,197,312,Jackets,11,197,65,277
b215fca0-1b27-4f49-8c4d-be4238d5348d___Data_m-skt3361-decot-paradise-original-imaeuhk4y4dqgapn.jpeg,151,312,Skirts,5,150,126,308
b31d8f76-2f51-458a-b6e8-04625d042522___Data_41uYA4unAuL._AC_UL260_SR200260_.jpg.jpeg,200,260,Jeans,48,135,7,223
b35a2b1f-543f-4e93-944c-96816a5d37f6___Data_m-fmshv0025maroon-flying-machine-original-imaf594983g28dfp.jpeg,170,312,Shirts,13,169,66,274
b394014e-cef0-4c9f-9924-b4a2a70bd608___Data_jdn31604346mediumbluewithwhite-peter-england-32-original-imaehygtwnkjhaht.jpeg,173,312,Jeans,31,171,9,282
b3be330c-c211-45bb-b244-11aef08021c8___Data_free-sk-5108-mudrika-original-imaf4fz626pegq9f.jpeg,265,312,Jackets,0,7,193,193
b3be330c-c211-45bb-b244-11aef08021c8___Data_free-sk-5108-mudrika-original-imaf4fz626pegq9f.jpeg,265,312,Skirts,4,265,10,307
b4568078-6607-467e-9c1a-48539ee4eff1___Data_free-sk-2107-silver-organisation-original-imaf3gwdjm4rzwat.jpeg,265,312,Skirts,3,265,17,302
b4a7c9a3-b709-41c6-a2c6-417150308332___Data_32-jcmwtra170045jet-black-john-players-original-imaf47cj6hene59h.jpeg,181,312,Trousers,44,163,5,273
b4b64d89-b0b7-466f-83dc-5988e055a389___Data_m-wtfscom2-so-sweety-original-imaf5dqzessnhdhv.jpeg,312,221,Tops,9,115,61,209
b54b125b-859e-4c4b-bb43-9b4c4525589b___Data_s-00182243-coral-forever-21-original-imaexx5mjgg4vyq7.jpeg,143,312,Skirts,26,133,10,130
b5620153-a58c-4ff6-af77-5c07388a6536___Data_bb1702dgsogr-silvmt-cblack-8-adidas-dgsogr-silvmt-cblack-original-imaeyzughncugu5y.jpeg,312,183,Shoes,9,298,1,171
b607a69c-600f-4cc3-8df0-f93a006c5f6f___Data_ycrt-jct-ind-yasmin-creations-xl-original-imaezzzcgwyvt64m.jpeg,119,312,Jackets,11,114,64,205
b6521501-2d86-48e7-a969-f4538cd69cce___Data_81LSzL5CQOL._SY220_.jpg.jpeg,169,220,Trousers,43,119,3,185
b70e64aa-44f9-41f2-92e2-4c2074433d70___Data_46-fmtr2050khaki-beevee-original-imaeyh9jasagngsg.jpeg,131,312,Trousers,18,116,44,293
b74fc078-629f-4b64-aa85-1e74b975f322___Data_41Iro4tyE5L._AC_UL260_SR200260_.jpg.jpeg,200,260,Jeans,51,149,3,234
b802596e-a3f1-47fd-8735-6da9a1cfa5ad___Data_32-hltr003916-boa-highlander-original-imaf47c38qayhbcv.jpeg,174,312,Trousers,38,156,5,272
b9937d02-5e90-4cb1-8f3b-8a2a26c6c191___Data_41BarewbN4L._AC_UL501_SR385501_QL65_.jpg.jpeg,385,501,Jeans,116,279,29,420
b996e4c5-2ab2-409b-8470-42bea6bbedb2___Data_61-carrera-89-s-8er-61h0-carrera-original-imaexrcxbvh8ufwp.jpeg,312,149,sunglasses,7,310,5,141
bab0908b-b350-457d-9584-db7706e45649___Data_a1g-1276-irayz-m-original-imaeh5xyj5cfge4f.jpeg,312,136,sunglasses,2,311,5,133
bad4ab3e-84e5-4634-8415-b3facb2f2514___Data_free-skt-00102-rd-my-swag-original-imaetm5hhbmabfwx.jpeg,130,312,Skirts,19,127,6,247
baf47594-377b-47fa-ab22-fc25c5f67635___Data_l-fmdd0003-fanideaz-original-imaf35nf8ka9mfrn.jpeg,206,312,Tshirts,0,179,55,286
bb871d73-7f19-4f82-ad78-98a31258c3ba___Data_s-tj5455-navy-tinted-original-imaezwe4d3tyjqkx.jpeg,129,312,Jackets,5,129,66,309
bc315479-a979-4c1f-944d-e288a09684fa___Data_p153br1f-free-size-fastrack-original-imaevjanxfyaxqme.jpeg,312,179,sunglasses,2,312,0,160
bc5d7130-942e-40ad-8599-ae8e41760c08___Data_brown-el0031-exotique-40-original-imaegxcsge2phyd6.jpeg,312,227,Shoes,0,312,2,225
bd0d7fc7-8d1d-415c-9b10-282b1ffb609c___Data_2line-9-shoetopia-red-original-imaf5jhgx6bjgcp8.jpeg,312,191,Shoes,8,307,2,190
bd74a4c9-64f1-4ac2-a715-c4dba083d4aa___Data_56-unisex-nw-2448-14-lfgrbl203-nuvew-original-imaeshyyxdhz34b4.jpeg,312,141,sunglasses,4,311,1,137
bfc4bf6a-f5f4-4842-8570-03b2ab571477___Data_round-golden-1253-one-size-fits-all-hipe-original-imaewu2mvqzwvqag.jpeg,312,122,sunglasses,4,312,2,118
c035b190-18e3-4b73-9866-3b9a84621bfd___Data_41qwi4yWReL._AC_UL501_SR385501_QL65_.jpg.jpeg,385,501,Jeans,99,293,20,439
c14b722f-dd10-417d-a690-fc0ec5e94b2d___Data_gd1-white-golden-38-blinder-white-original-imaewznxm6ngjgyn.jpeg,312,255,Shoes,9,309,4,255
c188db39-c080-45f1-8078-f9ee55f03018___Data_xl-sdn-44-r-jai-textiles-original-imafygb8nzgyxzgh.jpeg,239,312,Shirts,0,238,8,285
c1b2c0c8-2ebc-4fa4-903d-20fc14509690___Data_cn4369-7-5-reebok-blue-original-imaf52fpqxptsyv7.jpeg,312,166,Shoes,10,309,1,157
c236bf81-e265-4f43-9ae2-321883bb0475___Data_free-size-ms17sg052-metronaut-original-imaexw44ymypj4jz.jpeg,231,312,sunglasses,5,230,126,263
c2c4146d-c026-47c1-a3d6-ba40ef3376c8___Data_1-1-gr2670navy-harpa-m-original-imae89epzckpcss4.jpeg,123,312,Skirts,1,122,15,188
c33f8e57-afe7-4e5b-be6d-123cdc101a9a___Data_46-dound-2179-frame-azmani-original-imaex4zhwtjgguuk.jpeg,312,119,sunglasses,5,307,4,114
c3e95b57-24f1-4acf-b63f-41822eb02611___Data_m-rk07lilanred1tasal-jolliy-original-imaez65hgszvzvfx.jpeg,195,312,Tops,22,192,97,279
c3f4b8e7-c834-4f0b-b136-e65c56813e9f___Data_m171bk1-free-size-fastrack-original-imaeubxbdvexpyw4.jpeg,312,159,sunglasses,10,311,5,155
c42c48b1-7449-47bd-bfb0-549efe1ab84e___Data_oskav366-41-moonwalk-red-original-imaffevbykfj8syh.jpeg,312,279,Shoes,2,312,1,263
c6dfdad0-f2ec-4c60-ba1f-423404be6ab1___Data_38-jcmwtrs170023jet-black-john-players-original-imaexxjhxfywg6r3.jpeg,234,312,Trousers,59,172,26,270
c6e17096-6d54-423c-8bfc-b097b9a31568___Data_xl-styl001minimfg-franclo-original-imaf58efhmknbr6s.jpeg,127,312,Skirts,17,116,4,189
c7e3fa86-8dcb-4070-8295-09e9cccb676f___Data_free-size-011-aoking-original-imaeybg7dsexee9e.jpeg,312,139,sunglasses,8,310,0,138
c8125ed4-81c8-4ec3-b143-1c8c4ed09639___Data_41R4b8q3JAL._AC_UL260_SR200260_.jpg.jpeg,200,260,Jeans,56,139,8,223
c8762f2f-a8a8-4799-8346-47a5d380c491___Data_41rMCy2bW2L._AC_UL260_SR200260_.jpg.jpeg,200,260,Trousers,57,146,5,221
ca24b8f3-b6ec-4caa-bbb6-c99f40b765d9___Data_41SJJv1nUpL._AC_SS200_.jpg.jpeg,200,200,Shirts,38,162,44,189
ca6a829b-5585-4d47-b5b3-ffa3128633ee___Data_l-rh135tuyl-yellow-hive91-original-imaf52g28x8dgfc2.jpeg,123,312,Tops,6,122,53,285
cae7f52b-7428-44ae-bd95-695c9f9a66d1___Data_irz-1137-40-sf-m-irayz-original-imaeajy4zhv2gxzg.jpeg,312,159,sunglasses,2,303,12,159
cb7865b1-8d46-458b-a421-d72691f059bb___Data_s-w285553gm114jsw-ecru-wrangler-original-imaf4tgdnxj3duwh.jpeg,145,312,Tops,14,144,69,253
cb7c3b93-2ddc-4c8f-a8f9-6082cabe1a52___Data_41U2jN3MQSL._AC_UL260_SR200260_.jpg.jpeg,200,260,Jeans,53,140,5,228
cb9282a9-6422-4da5-b9a6-de7f9970d52a___Data_32-ms17den054-metronaut-original-imaffvfvrquugncn.jpeg,245,312,Jeans,65,167,46,274
cc24460b-10f0-4f9b-940c-7bb0b4116964___Data_xxl-t-shirt-3-step-eg-original-imaf2v3zejjgzz3d.jpeg,167,312,Tshirts,3,166,84,305
cce3eeca-f4cb-489d-93f5-948c944e1f83___Data_womens-sweat-blue-christy-world-m-original-imaehhhnyz5qwqeq.jpeg,142,312,Jackets,1,141,77,269
cd4d6c9e-fc3f-46f3-a95c-6c594de091f0___Data_ar4840-7-lotto-101-original-imafyahqq9fhygcg.jpeg,312,187,Shoes,8,306,1,161
cdc553b1-6125-4deb-bf19-6b1b78946508___Data_415G5umh71L._AC_SS200_.jpg.jpeg,200,200,Shirts,38,171,21,193
cdc5e2ea-dec8-4a63-abad-85f8965f70c2___Data_oskav362-37-moonwalk-black-original-imaezqy7ckzaskzd.jpeg,271,312,Shoes,2,270,5,308
cdeaf90a-bfc0-4b4a-a73f-affe720a5bc6___Data_xl-8002b-av2-original-imaeyyuyfrpbbvn5.jpeg,181,312,Tops,8,161,65,235
ce68dd46-1f73-455a-ac2e-6f59a0273abe___Data_sfskrt3029-sassafras-xl-original-imaej6z5ezxyfhyg.jpeg,136,312,Skirts,0,133,17,173
cedaf88f-64fe-455f-a6d2-82dcc306780d___Data_m-fa-2340p-c3-farenheit-original-imaexh29pwqmprv4.jpeg,312,131,sunglasses,5,312,2,129
cf28cb0d-0816-4944-a29a-ef0e5455604f___Data_xl-5102navybluegerogette-krapal-original-imaf4ssfdzad5ttn.jpeg,312,312,Tops,102,222,70,249
cfbbc246-4cf7-4166-89d4-8f23e0996a94___Data_34-712kneecutjogger-damler-original-imaf484yz2u5uzum.jpeg,152,312,Jeans,12,135,18,269
d0587e86-cea2-4f55-9ca5-af5eeee88524___Data_l-dd8-thumb-fullblk-the-archer-original-imaf3rzkg7vjmkhy.jpeg,181,312,Tshirts,1,180,76,291
d061fe07-253a-4e13-89cc-cf80dc0cb27f___Data_l-super-jk-blkor03-gag-original-imaewsyhrsv7hmnr.jpeg,207,312,Jackets,4,206,77,293
d0cd3e0f-4da9-4b23-82a9-48bfc88fd0c6___Data_m-tj5456-navy-tinted-original-imaezqfzk2fqwpgs.jpeg,131,312,Jackets,1,129,52,309
d14d1098-a9fe-40a7-8a2f-870e6f68e2ce___Data_m-mtss18swt60-09-17grey-metronaut-original-imaf55f7th6fuphv.jpeg,245,312,Tops,68,202,94,261
d153d08c-787c-485b-8d89-bdd431c7671f___Data_skt423-decot-paradise-free-original-imaedf7jktghbavr.jpeg,140,312,Skirts,5,140,125,298
d2590d53-2c36-4a96-b748-feb7d80d426f___Data_xl-shirt-161-deeksha-original-imaf4zzcrvwgyvsf.jpeg,293,312,Shirts,6,291,18,281
d285b16a-83e1-440e-b1de-0a8477a6c872___Data_l-rss17bdchk-rb-rodid-original-imaexakw2shtuxzz.jpeg,193,312,Tshirts,5,159,86,311
d2fed5c6-f62d-4107-b816-460d7f1d4092___Data_s-0022622607-forever-21-original-imaewzgge473aezh.jpeg,118,312,Skirts,9,106,16,126
d3a55703-0f51-4c0f-8f8a-711813568015___Data_s-108a-ladybird-original-imaespfmwx6cckm7.jpeg,137,312,Tops,2,137,68,258
d3cb0af8-86fd-4952-8d53-bed20a9ae3be___Data_32-fmjc0234washed-denim-flying-machine-original-imaffn6anakyg6fg.jpeg,169,312,Trousers,28,160,4,288
d47c7b9d-b932-425e-bad1-ef6e262258c1___Data_81CR5w3ISTL._SL170_.jpg.jpeg,170,170,Tshirts,10,161,11,168
d47d7bb5-e8f9-42fa-9ae1-b706724e8b18___Data_m-tj5409-navy-tinted-original-imafybgfn6zhwmvx.jpeg,213,312,Jackets,26,195,68,289
d4d7106d-03f8-410f-8816-c636f5201a85___Data_ax-002-6-adza-grey-original-imaf4c5khcx8df5y.jpeg,312,191,Shoes,4,308,6,190
d50b9840-acf6-4219-a564-52ef850dc46f___Data_m-hlsh009013-maroon-dark-blue-highlander-original-imaf5g64rgtr6txd.jpeg,182,312,Shirts,9,181,61,289
d570f93a-04b2-48d4-99ea-47a182ba085e___Data_m-jjk51605288darkgreywithblack-peter-england-original-imaeqnhr3szegvm9.jpeg,177,312,Shirts,9,177,78,271
d5a12277-8a90-4c41-8971-c3c29528e1a2___Data_51CLKOX8drL._SL1600_.jpg.jpeg,776,1080,Shirts,166,697,290,946
d5a566b3-a15b-4826-aeca-8084046ef661___Data_1-1-gr2602orange-harpa-l-original-imae89cfsxm34grr.jpeg,208,312,Tops,34,161,94,250
d6291140-c005-48ce-a307-1800c982a4ae___Data_skt425-decot-paradise-free-original-imaedf7npauypc5p.jpeg,225,312,Skirts,21,212,121,281
d632e888-ff09-49d8-9aec-af509215ac18___Data_wndr-13-6-asian-black-red-original-imaenr72ttddwgwh.jpeg,312,232,Shoes,5,311,21,229
d6783523-367e-44ff-ae5c-b1bab89e8cb4___Data_av-gf-s02-medium-risist-original-imaexbskecnh7gyh.jpeg,312,234,sunglasses,3,312,69,217
d72459d9-a63b-4426-a4f7-447d0abb4189___Data_bsico00019black-ico-blue-star-m-original-imae2yntzhsuzmd9.jpeg,196,312,Jackets,7,193,73,275
d7d00b76-675f-4fc4-8792-8a41f0b17709___Data_free-sk-5159-jwf-original-imaf4v8krfnytjxg.jpeg,287,312,Skirts,6,286,13,303
d845c452-76db-43f2-8362-2295deb521e5___Data_one-size-fits-to-all-wff7006-a-poloport-original-imaeu96arhzbvfbr.jpeg,312,174,sunglasses,8,309,4,172
d84657ff-1c4a-4212-a2be-67da1ffd37b3___Data_32-jfmwtrs1600391a2-john-players-original-imaexzzwxm59znhz.jpeg,172,312,Trousers,28,145,5,281
d8cb3635-612b-4825-b9a8-d47c15e15e93___Data_1-1-gr2394mustard-harpa-l-original-imae89cgvwagytpk.jpeg,133,312,Tops,0,132,71,242
d9090236-ed62-45a4-962f-e5ef1022a177___Data_34-scmccpts-002-seven-crore-original-imaf3vhnqvywphpj.jpeg,312,312,Trousers,96,218,6,270
d9407aaa-a6bd-4183-af62-52493a2e249a___Data_m-p6c113181071jktblack-people-original-imaf594fjch98sgh.jpeg,164,312,Jackets,5,164,64,269
da93769a-9685-4bc0-913f-18f6c25f377b___Data_m-mss18cn105b-metronaut-original-imaf5frdrzyhauxn.jpeg,245,312,Tshirts,4,146,69,260
db1bcd7f-4eef-4ee7-a84b-43108cf3da02___Data_s-grs001-lazy-tiger-original-imaeqrywucxge2zf.jpeg,161,312,Tshirts,7,159,70,293
dc107017-c57c-4476-93a3-ed175d784841___Data_41UbTQgTwoL._AC_UL260_SR200260_.jpg.jpeg,200,260,Trousers,44,148,3,234
dc1a8aff-e8d9-4d76-b54c-5c8c927b9d1f___Data_827899031medium-gray-heather-ombre-blue-puma-l-original-imaez8ff9qrthhaf.jpeg,164,312,Tshirts,15,157,67,269
dc34f90c-3f4c-40c2-832a-0246fea961b1___Data_np111-demokrazy-l-original-imaemnazwax7haaz.jpeg,160,312,Tshirts,7,160,74,282
dc5a82c3-1940-443c-aaa0-5f9329659b21___Data_skt228-decot-paradise-free-original-imaecb99jyzew6fy.jpeg,216,312,Skirts,33,187,7,296
dcce77db-4542-4e0a-a0bb-6d1fa72564b7___Data_412YHMq49-L._AC_UL260_SR200260_.jpg.jpeg,200,260,Jeans,46,139,5,230
dedcabec-469b-4137-971d-9da845cd20e7___Data_41PIDPxcEiL._AC_SS200_.jpg.jpeg,200,200,Tshirts,54,149,46,176
df26ff5d-e738-4eeb-b335-5ebd6ab808ec___Data_41lvxCVSgvL._AC_UL260_SR200260_.jpg.jpeg,200,260,Jeans,44,142,7,229
df5c43ab-f653-4256-8683-b74d99dc6415___Data_m-57525001blue-puma-original-imaf37zcczfphnr5.jpeg,158,312,Jackets,7,157,75,285
df6087d2-2bcc-45dc-a4f8-e556afa5ca60___Data_32-chinojogger-grey-urbano-fashion-original-imaf58uxp2beg8dc.jpeg,149,312,Trousers,13,145,21,272
dfedbd0b-0b8c-48fa-9001-333a95a2bc2a___Data_gibbson-39-shoetopia-pink-original-imaf5gf4jjzmbufd.jpeg,312,187,Shoes,8,312,3,167
e0ed7292-01f9-4b5c-b285-bd9fbd93d91b___Data_32-mss18jn024-metronaut-original-imaf5y7ts3fyrx4d.jpeg,245,312,Jeans,49,163,12,269
e24d7897-9d54-46fb-9620-04551b31aa09___Data_sx0108l-4-sparx-darkgreyflourscentgreen-original-imaffqfaek4q4pg8.jpeg,312,184,Shoes,30,305,1,168
e322a760-c22f-40da-aa44-9e34438a339b___Data_l-ejk51407086others-peter-england-original-imaeqr52fkwtchhh.jpeg,164,312,Jackets,17,157,57,276
e3ac561f-97a7-47e9-bbf4-c1790ab8c43d___Data_m-hlsh009565-black-grey-highlander-original-imaf5g65ky2vzmns.jpeg,163,312,Shirts,17,162,61,283
e48bc6a8-f577-42e0-a22a-403223787822___Data_44-stylotrendjack-12-stylotrend-com-original-imaf4xmnhwu45gqu.jpeg,248,312,Jackets,1,245,12,303
e4ed47d7-515f-49d6-b01b-ac39925fa06d___Data_men-s-stylish-half-zip-double-flap-collar-full-sleeve-tees-original-imaek47r3sshxttu.jpeg,154,312,Tshirts,7,153,61,280
e4f40619-e611-408a-b0ff-4270b8c00fa4___Data_ms750c-7-myra-black-original-imaerj9zu3ejjc5a.jpeg,312,305,Shoes,5,306,2,305
e5d2d59e-7c19-43ac-9741-4bad9259097d___Data_32-17a4ctwb3002ib58-united-colors-of-benetton-original-imaffzb2hggwuj6v.jpeg,175,312,Trousers,37,156,8,287
e5e36eee-ed55-4e98-8851-f4407331cc50___Data_1-1-wrp05-monil-exclusives-38-original-imaeaze7wemhg7sz.jpeg,206,312,Skirts,9,205,17,282
e7230a8b-1506-4b12-b825-e2110edb646f___Data_14054-11-u-f-m-original-imaefmz73rqjefy7.jpeg,213,312,Tops,36,209,105,297
e81ea877-e15a-401c-9f3f-945c8c18242e___Data_4115e0AvsL._AC_UL260_SR200260_.jpg.jpeg,200,260,Trousers,50,149,5,216
e8fc6d52-9f01-4f41-a5ad-e41f94f0337b___Data_m-mens-ss18-rn-fs-checked-tshirt-grey-maniac-original-imaf32ddvwhs2hwx.jpeg,156,312,Tshirts,1,156,78,277
e94872a4-1a7d-4fca-9885-e891fe1c54f0___Data_28-zip-jog-hps-black-urbano-fashion-original-imaf2r9erzuxgqu9.jpeg,147,312,Jeans,14,132,18,276
e9b1c09a-8f50-48a6-bddf-842a9b8f5d45___Data_30-wskr010-1013-rigo-original-imaevaj9zjz6ybse.jpeg,111,312,Tops,13,109,29,111
e9c1d914-3444-4ecf-b7b1-a6d1f51b82b0___Data_32-hljn000575-dark-blue-highlander-original-imaeyhedafufmagh.jpeg,179,312,Jeans,43,164,3,263
ea50b5fd-541f-48a0-8db7-18e488d4611c___Data_28-ea3096-eavan-original-imaf2q59zz67zttb.jpeg,119,312,Skirts,5,117,12,109
ec166e1b-28d2-46aa-93f2-d0d1ade6d35e___Data_m-hlsh009541-red-navy-blue-highlander-original-imaf5g65qmnbzk9m.jpeg,163,312,Shirts,17,163,70,293
ec339ad6-6b73-406a-8971-f7ea35d47577___Data_s-top-203-red-srw-original-imaf2nfrxdzvhh3k.jpeg,145,312,Tops,2,145,71,247
ec4c99f6-def6-415c-a415-1d64b0c7c7e5___Data_free-skirt2-cotson-original-imaf4ed9hfggqths.jpeg,106,312,Skirts,9,102,13,148
ec691bda-0c6f-4e4f-870c-6fb8a1c5d72c___Data_41YyvTn09uL._AC_UL260_SR200260_.jpg.jpeg,200,260,Jeans,50,150,10,214
eccdfe00-2e05-4a97-8c3d-1ccb7cbaee7d___Data_xxl-tj5305-black-tinted-original-imaeznwehzpz4uma.jpeg,167,312,Jackets,1,166,69,269
ed2e3e7b-fb1a-4e6d-ba4b-02b2d32ec078___Data_30-mj-wht-2-ansh-fashion-wear-original-imaev8bhu9egcfc2.jpeg,205,312,Jeans,32,163,22,281
ed6e6421-1269-4d82-8b60-3850116dc409___Data_m-cm-st81-cobio-man-original-imaezw2tyfgvfcct.jpeg,176,312,Shirts,6,176,71,303
edb5e7cd-7819-4c45-89ec-f7c06bf292cc___Data_xs-ul02-001wt-jockey-original-imaf3rzj6cgv25hf.jpeg,147,312,Tops,11,146,81,265
eeaab062-9244-4294-b1cf-f08d5406ade9___Data_nmd6651-golden-41-nmd-gold-original-imaey63agx2nwgbz.jpeg,312,209,Shoes,4,312,1,206
ef9bca72-b608-41fc-be01-e76f5747f2e8___Data_sx0100l-4-sparx-mauve-pink-original-imafy9mtxfubdek5.jpeg,312,203,Shoes,5,299,7,200
efb614fc-cf07-4cb3-bb67-eeb5bd1fed5c___Data_41IFq13wXRL._AC_SS200_.jpg.jpeg,200,200,Shirts,51,153,44,161
eff2b48c-6205-4f76-8f45-7c657f2274cc___Data_32-hljn000657-indigo-highlander-original-imaf5g638budmtum.jpeg,158,312,Jeans,35,157,1,279
f0304920-ee47-488d-8a44-f804edef6f71___Data_m-16214-9-u-f-original-imafymhxzrg2pu89.jpeg,234,312,Tops,25,228,89,293
f0bd1eed-2238-44fe-b75e-d9f91fa0db26___Data_364807-4-puma-white-quiet-shade-ultra-magenta-black-original-imaf4zcnajmzhyvc.jpeg,312,180,Shoes,10,312,5,178
f1de52ad-e4fb-4058-be8a-8c417b6e7791___Data_dl3208-decot-paradise-free-original-imaenr8farngveuu.jpeg,216,312,Skirts,16,211,29,310
f292b2fe-ad56-4b2d-b00d-7df2b7459b98___Data_32-amtf517f03072black-allen-solly-original-imaf593pcydkcmf3.jpeg,168,312,Trousers,38,158,8,293
f433db79-ae48-48b0-8c39-6668803c155f___Data_719UwVmrivL._SL170_.jpg.jpeg,170,170,Trousers,44,118,8,146
f456638a-a33c-49fb-b3f0-a9d0b6ff0dc9___Data_34-mjrpkc-03-ridge-vogue-original-imaf5fny7phxssqa.jpeg,143,312,Jeans,16,134,4,275
f4c699ac-b51a-42f3-ba4d-4b3ba8ad9ffd___Data_1.jpeg,164,312,Tshirts,5,164,73,286
f4decc67-1f94-467e-b264-f2f4606fbe01___Data_m-ac0002rwc-thefashionexpert-original-imaeuhfhwq7ychgf.jpeg,163,312,Shirts,5,163,9,220
f554021f-0112-46e5-a1ad-7f4268fa19b1___Data_free-sk-2109-silver-organisation-original-imaf3gwefh4steqf.jpeg,236,312,Skirts,9,236,20,295
f5c7c99c-f53d-41dc-aa30-7c34bd4479b1___Data_pv1001-blk-blk-m-provogue-original-imaeusnuwup7pvf7.jpeg,312,167,sunglasses,8,307,7,165
f65d2ecc-6d9d-4f2e-977e-0f47e8cc8edd___Data_linen._V507777845_.jpg.jpeg,500,500,Shirts,109,418,31,407
f66dce68-2d52-4114-b04d-f19ce0d50add___Data_412gXoVYYsL._AC_UL501_SR385501_QL65_.jpg.jpeg,385,501,Jeans,97,275,20,426
f6ada675-ceb2-46b6-9de9-3fb25b438e3c___Data_cn3542-9-5-reebok-clay-tint-black-original-imaf4f57cduktxrz.jpeg,312,191,Shoes,6,312,9,185
f70d3c16-8c60-43e4-9c85-cbe022c4ef00___Data_m-gsjkt1793blkwht-gritstones-original-imaf2mph7hfzpx6g.jpeg,165,312,Jackets,15,161,66,297
f77b1e07-848f-4099-a79a-d59184700995___Data_p223gr1-fastrack-free-size-original-imadzhguvs3whbba.jpeg,312,245,sunglasses,7,312,7,157
f784ba1e-707b-4b79-b861-e21caff3d7a9___Data_59-fos-3010-s-r80-59zp-fossil-original-imaf27thfbja3epc.jpeg,312,194,sunglasses,5,311,4,157
f7b3ed5e-440a-4606-9a72-d03534b5586e___Data_lvs564-8-claptrap-white-original-imaff6zdjt49khyh.jpeg,312,293,Shoes,7,311,2,287
f8c1b453-c7c4-453e-918b-ddbae1b6e65a___Data_p222gr1-fastrack-free-size-original-imadzhjyszxgzbth.jpeg,312,188,sunglasses,6,312,5,173
f99762bd-07dd-4dd3-99d3-2d9d8fc4cb7e___Data_s-18p3ct2e1460i903-united-colors-of-benetton-original-imaf5f5petfzcayd.jpeg,216,312,Tops,37,189,66,241
fb4ccad3-e571-4a6c-8ff4-7db3e325e0de___Data_m-fmshv0022green-flying-machine-original-imaf53j9kgfkyfmn.jpeg,161,312,Shirts,7,161,57,286
fb58b72e-679f-437b-9e45-590292b38a9d___Data_40-fmjn3688-flying-machine-original-imaezszbhekzhy84.jpeg,147,312,Jeans,17,139,9,276
fb93a244-3697-471c-9b25-a4fb1d294594___Data_32-jfmwtrs160035true-navy-john-players-original-imaets5eppyz7yce.jpeg,182,312,Trousers,27,164,9,285
fba34f06-d6e2-4e84-8596-845b89709fa9___Data_casual._V507777836_.jpg.jpeg,500,500,Shirts,92,414,33,427
fbed6d25-3e58-4fcc-a282-1a9e4bca3ded___Data_41O52BQb4mQL._AC_SS200_.jpg.jpeg,200,200,Tshirts,37,162,18,161
fc57bc07-25a3-40a6-bea4-745fdbf9b8dd___Data_40-moudlin-black-polo-moudlin-original-imaf22yxxzr9eaqp.jpeg,208,312,Trousers,59,172,21,263
fce794dc-d69e-4223-b21d-abf8ded1bb12___Data_carrel-sk-1039-lightred-carrel-free-original-imaefgpzeyegpgsp.jpeg,197,312,Skirts,3,195,6,237
fd765076-ec5c-46ad-b58c-c06d61c4fb80___Data_38-203-blackredcheck-mesh-original-imaex65bh2zbtx2q.jpeg,157,312,Shirts,4,157,51,290
fd844d1d-9919-4d8d-9944-06717f65ccec___Data_32-fmjno0160washed-denim-flying-machine-original-imaf56hgwqyfzp5c.jpeg,154,312,Jeans,19,140,7,277
fe0adfbc-ae70-4271-ac14-301d6a0b5d44___Data_xs-as18t027-multicolor-provogue-original-imaf35pmsgh5ggnf.jpeg,245,312,Tops,59,188,67,225
ff8c9ab7-1955-4cb6-8c96-54336a703a92___Data_32-zcmwjna170007indigo-john-players-original-imaffdbxvf6pqnzp.jpeg,172,312,Trousers,40,142,7,286
